{
  "window_size": 64,
  "projected_channels": 32,
  "F1": 16,
  "D": 2,
  "dropout": 0.25,
  "learning_rate": 0.001,
  "balanced_accuracy": 0.5660115543066059,
  "avg_lag_samples": 42.79545454545455,
  "model_size_bytes": 227374,
  "accuracy_score": 28.300577715330295,
  "lag_score": 14.959257969138513,
  "size_score": 21.018504778762185,
  "total_score": 64.27834046323099,
  "training_time_seconds": 64.05100737999965,
  "inference_time_seconds": 7.7475978629991005,
  "timestamp": "2026-01-23T22:22:40.262926",
  "error": null
}